key,en,he
"# The game on the launcher, the themes",,
Monopoly,,מונופול
"Roll, buy, build and trade your way around the world. Up to four players at one screen, computer opponents on three levels, and six ways to play.",,"מטילים, קונים, בונים וסוחרים מסביב לעולם. עד ארבעה שחקנים על מסך אחד, יריבי מחשב בשלוש רמות ושש דרכים לשחק."
Classic,,קלאסי
"The World Tour edition: a mint board on a wooden table, pewter figures and white title deeds.",,"מהדורת מסע מסביב לעולם: לוח בצבע מנטה על שולחן עץ, כלים מבדיל ושטרי בעלות לבנים."
Galactic Trade,,סחר גלקטי
"A space station trading floor: a dark board with glowing lanes, holographic cards, spacecraft tokens and domes and towers with lit windows.",,"רצפת מסחר בתחנת חלל: לוח כהה עם נתיבים זוהרים, קלפים הולוגרפיים, כלים בצורת חלליות, כיפות ומגדלים עם חלונות מוארים."
WORLD TOUR EDITION,,מהדורת מסע מסביב לעולם
GALACTIC TRADE EDITION,,מהדורת סחר גלקטי
# Modes,,
Speed Die,,קוביית מהירות
Quick Deal,,משחק מהיר
House Rules,,חוקי הבית
Tycoon Rush,,מרוץ הטייקונים
Custom Rules,,חוקים משלך
"The full game. Buy, build, bankrupt everyone.",,"המשחק המלא. לקנות, לבנות, לפשוט את כולם."
The Mega Edition's red die: bus rides and Mr. Monopoly.,,הקובייה האדומה של מהדורת המגה: אוטובוס ומר מונופול.
"The short game: two deeds each, hotels at three houses.",,"המשחק הקצר: שני שטרות לכל אחד, מלון אחרי שלושה בתים."
"Free Parking jackpot, double GO, party cards.",,"קופת חניה חופשית, התחלה כפולה, קלפי מסיבה."
"20 rounds, the speed die, $2,000 to start.",,"20 סיבובים, קוביית מהירות, $2,000 בהתחלה."
"Your own mix, set in House Rules.",,"השילוב שלך, מוגדר בחוקי הבית."
"The official rules. Buy what you land on or it goes to auction. Collect rent, doubled on a full color set, and build evenly: the bank has 32 houses and 12 hotels. Mortgage to raise cash, trade to complete sets. Doubles roll again, three doubles go to jail. The last player standing wins.",,"החוקים הרשמיים. קונים את מה שנוחתים עליו, או שהוא יוצא למכירה פומבית. גובים שכירות, כפולה על סדרת צבע מלאה, ובונים באופן שווה: בבנק יש 32 בתים ו־12 מלונות. ממשכנים כדי לגייס כסף וסוחרים כדי להשלים סדרות. דאבל מזכה בהטלה נוספת, שלושה דאבלים שולחים לכלא. מי שנשאר אחרון מנצח."
"Once you have passed GO, the red speed die rolls too. 1 to 3 add to your move. Mr. Monopoly moves you on to the next property for sale (or the next rent you owe). The bus lets you move by either die or both. Triples move you anywhere you like!",,"אחרי המעבר הראשון בהתחלה, גם קוביית המהירות האדומה מוטלת. 1 עד 3 מתווספים לצעדים. מר מונופול מקדם אל הנכס הפנוי הבא (או אל השכירות הבאה לתשלום). האוטובוס מאפשר לזוז לפי קובייה אחת או לפי שתיהן. טריפל מעביר לכל משבצת שרוצים!"
"The official short game. Everyone is dealt two title deeds (and pays for them), hotels need only three houses, and the game ends at the second bankruptcy. Then the richest player wins, counting cash, property and buildings.",,"המשחק הקצר הרשמי. כל אחד מקבל שני שטרי בעלות (ומשלם עליהם), מלון דורש רק שלושה בתים, והמשחק נגמר בפשיטת הרגל השנייה. אז מנצח העשיר ביותר, כולל מזומנים, נכסים ומבנים."
"The table favourites. Taxes and fines go into a Free Parking jackpot, landing right on GO pays double, party cards (Robin Hood, free houses, a charity gala) join the decks, and there are no auctions: what nobody buys stays with the bank.",,"האהובים של השולחן. מסים וקנסות נכנסים לקופת החניה החופשית, נחיתה בדיוק על התחלה משלמת כפול, קלפי מסיבה (רובין הוד, בתים בחינם, נשף צדקה) מצטרפים לחפיסות, ואין מכירות פומביות: מה שאף אחד לא קונה נשאר בבנק."
"A race against the clock: twenty rounds with the speed die and $2,000 each to start. When time is up the player with the highest net worth wins, so buy early and build fast.",,"מרוץ נגד השעון: עשרים סיבובים עם קוביית המהירות ו־$2,000 לכל אחד בהתחלה. כשהזמן נגמר מנצח בעל השווי הגבוה ביותר, אז כדאי לקנות מוקדם ולבנות מהר."
"Play with your own rules: turn on custom rules in House Rules on the main menu and choose the starting cash, a round limit, dealt title deeds, auctions, the speed die, the jackpot, double GO, no rent from jail and the party cards.",,"משחקים לפי החוקים שלכם: מפעילים חוקים משלכם בחוקי הבית שבתפריט הראשי ובוחרים סכום פתיחה, מגבלת סיבובים, שטרות מחולקים, מכירות פומביות, קוביית מהירות, קופה, התחלה כפולה, בלי שכירות מהכלא וקלפי מסיבה."
1 star: beat the computer.  2 stars: beat three computer players.  3 stars: beat three hard ones.,,כוכב 1: לנצח את המחשב.  2 כוכבים: לנצח שלושה שחקני מחשב.  3 כוכבים: לנצח שלושה קשים.
"# Tokens, seats and sets of both themes",,
Race Car,,מכונית מרוץ
Top Hat,,מגבעת
Scottie Dog,,כלב סקוטי
Battleship,,ספינת קרב
Cat,,חתול
Rubber Duck,,ברווז גומי
Penguin,,פינגווין
T-Rex,,טי־רקס
Rocket,,רקטה
Satellite,,לוויין
Robot,,רובוט
UFO,,"עב""ם"
Comet,,שביט
Ringed Planet,,כוכב לכת עם טבעות
Astronaut Helmet,,קסדת אסטרונאוט
Space Station,,תחנת חלל
Red,,אדום
Blue,,כחול
Green,,ירוק
Yellow,,צהוב
Brown,,חום
Light Blue,,תכלת
Pink,,ורוד
Orange,,כתום
Dark Blue,,כחול כהה
Stations,,תחנות
Utilities,,חברות
Copper,,נחושת
Ice,,קרח
Magenta,,מג'נטה
Amber,,ענבר
Crimson,,ארגמן
Solar,,שמש
Emerald,,אזמרגד
Sapphire,,ספיר
Docks,,רציפים
Reactors,,כורים
# Player names (the defaults; typed names stay as they are),,
name|You,,אתה
name|Ada,,עדה
name|Max,,מקס
name|Lulu,,לולו
name|Otto,,אוטו
name|Mia,,מיה
name|Leo,,ליאו
name|Zoe,,זואי
name|Hugo,,הוגו
Player {0},,שחקן {0}
EASY,,קל
NORMAL,,רגיל
HARD,,קשה
# Spaces and cities,,
GO,,התחלה
Collect $200 salary as you pass,,גובים משכורת $200 בכל מעבר
Rua Augusta,,רואה אוגוסטה
Lisbon,,ליסבון
Community Chest,,קופת הקהילה
Alfama,,אלפמה
Income Tax,,מס הכנסה
Pay $200,,תשלום $200
Pay $100,,תשלום $100
Grand Central,,גרנד סנטרל
New York,,ניו יורק
Damrak,,דאמראק
Amsterdam,,אמסטרדם
Chance,,הזדמנות
Kalverstraat,,קאלברסטראט
Prinsengracht,,פרינסנגרכט
Jail,,כלא
Just visiting,,רק מבקרים
Lapa,,לאפה
Rio de Janeiro,,ריו דה ז'ניירו
Electric Company,,חברת החשמל
Ipanema,,איפנמה
Copacabana,,קופקבנה
King's Cross,,קינגס קרוס
London,,לונדון
La Rambla,,לה רמבלה
Barcelona,,ברצלונה
Plaça Reial,,פלאסה ריאל
Passeig de Gràcia,,פסאג' דה גרסיה
Free Parking,,חניה חופשית
Shibuya,,שיבויה
Tokyo,,טוקיו
Omotesando,,אומוטסנדו
Ginza,,גינזה
Gare du Nord,,גאר דו נור
Paris,,פריז
Via Appia,,ויה אפיה
Rome,,רומא
Via del Corso,,ויה דל קורסו
Water Works,,חברת המים
Via Condotti,,ויה קונדוטי
Go to Jail,,הולכים לכלא
Abbey Road,,אבי רוד
Carnaby Street,,רחוב קרנבי
Savile Row,,סאביל רואו
Shinjuku,,שינג'וקו
Fifth Avenue,,השדרה החמישית
Luxury Tax,,מס מותרות
Champs-Élysées,,שאנז אליזה
# Chance cards,,
Advance to GO. Collect $200.,,התקדמו להתחלה. גבו $200.
Go shopping on the Champs-Élysées. Advance there.,,יוצאים לקניות בשאנז אליזה. התקדמו לשם.
"Advance to Ginza. If you pass GO, collect $200.",,"התקדמו לגינזה. במעבר בהתחלה, גבו $200."
"Advance to Lapa. If you pass GO, collect $200.",,"התקדמו ללאפה. במעבר בהתחלה, גבו $200."
"Catch a train at Grand Central. If you pass GO, collect $200.",,"תופסים רכבת בגרנד סנטרל. במעבר בהתחלה, גבו $200."
"All aboard! Advance to the nearest station. If it is owned, pay the owner twice the rent.",,"כולם לעלות! התקדמו לתחנה הקרובה. אם יש לה בעלים, שלמו לו שכירות כפולה."
"Advance to the nearest utility. If it is owned, roll the dice and pay the owner ten times the roll.",,"התקדמו לחברה הקרובה. אם יש לה בעלים, הטילו את הקוביות ושלמו לו פי עשרה מהתוצאה."
Your travel blog goes viral. Collect $50.,,בלוג הטיולים שלכם הפך לוויראלי. גבו $50.
"Get Out of Jail Free. Keep this card until you need it, or trade it.",,"יציאה חינם מהכלא. שמרו את הקלף עד שתצטרכו אותו, או סחרו בו."
Wrong turn! Go back three spaces.,,פנייה שגויה! חזרו שלוש משבצות.
"Go to Jail. Move directly to Jail. Do not pass GO, do not collect $200.",,לכו לכלא. היכנסו ישר לכלא. אל תעברו בהתחלה ואל תגבו $200.
Your hotels need a makeover. Pay $25 for each house and $100 for each hotel.,,המלונות שלכם צריכים שיפוץ. שלמו $25 על כל בית ו־$100 על כל מלון.
Speeding ticket on the autobahn. Pay $15.,,דוח מהירות באוטובאן. שלמו $15.
You treat the whole tour group to dinner. Pay each player $50.,,הזמנתם את כל קבוצת הטיול לארוחת ערב. שלמו לכל שחקן $50.
Your travel savings mature. Collect $150.,,חיסכון הטיולים שלכם הבשיל. גבו $150.
Hitch a ride to Free Parking. Advance there.,,טרמפ לחניה החופשית. התקדמו לשם.
Robin Hood! The richest player pays you $100.,,רובין הוד! השחקן העשיר ביותר משלם לכם $100.
Tailwind! Move forward five spaces.,,רוח גבית! התקדמו חמש משבצות.
# Community Chest cards,,
The bank made a mistake in your favor. Collect $200.,,טעות של הבנק לטובתכם. גבו $200.
Travel insurance co-payment. Pay $50.,,השתתפות עצמית בביטוח נסיעות. שלמו $50.
You sell your holiday photos. Collect $50.,,מכרתם את תמונות החופשה. גבו $50.
Your holiday fund matures. Collect $100.,,קרן החופשה שלכם הבשילה. גבו $100.
Tax refund. Collect $20.,,החזר מס. גבו $20.
It is your birthday! Collect $10 from every player.,,יום הולדת שמח! גבו $10 מכל שחקן.
Your life insurance matures. Collect $100.,,ביטוח החיים שלכם הבשיל. גבו $100.
Hospital bill after a ski trip. Pay $100.,,חשבון בית חולים אחרי טיול סקי. שלמו $100.
Language school fees. Pay $50.,,שכר לימוד בבית ספר לשפות. שלמו $50.
You guide a city tour. Collect a $25 fee.,,הדרכתם סיור בעיר. גבו $25 שכר.
Street repairs. Pay $40 for each house and $115 for each hotel.,,תיקוני רחוב. שלמו $40 על כל בית ו־$115 על כל מלון.
You win second prize in a sandcastle contest. Collect $10.,,זכיתם במקום השני בתחרות ארמונות חול. גבו $10.
You inherit $100 from a long lost aunt.,,ירשתם $100 מדודה רחוקה.
Charity gala! Every player pays $25 into the Free Parking pot.,,נשף צדקה! כל שחקן משלם $25 לקופת החניה החופשית.
Free upgrade! A free house on your cheapest complete set.,,שדרוג חינם! בית בחינם על הסדרה המלאה הזולה ביותר שלכם.
# Messages of the rules engine,,
Time is up! The richest player wins.,,הזמן נגמר! העשיר ביותר מנצח.
Three doubles in a row! Go to jail.,,שלושה דאבלים ברצף! לכלא.
Mr. Monopoly: on to the next property for sale!,,מר מונופול: קדימה אל הנכס הפנוי הבא!
"Mr. Monopoly: everything is sold, on to the next rent!",,"מר מונופול: הכול נמכר, קדימה אל השכירות הבאה!"
Mr. Monopoly has nowhere to go.,,למר מונופול אין לאן ללכת.
"No buildings, nothing to repair.",,"אין מבנים, אין מה לתקן."
No complete set to build on. Better luck next time!,,אין סדרה מלאה לבנות עליה. בהצלחה בפעם הבאה!
The richest player pays up: {0}.,,העשיר ביותר משלם: {0}.
Seat at least two players.,,צריך לפחות שני שחקנים.
Every player needs a different token.,,לכל שחקן צריך כלי אחר.
The trade is empty.,,העסקה ריקה.
Pick another player to trade with.,,יש לבחור שחקן אחר לעסקה.
Trade on your own turn.,,סוחרים רק בתור שלכם.
A property is listed twice.,,נכס מופיע פעמיים.
You can only give your own properties.,,אפשר לתת רק נכסים שלכם.
Amounts cannot be negative.,,סכומים לא יכולים להיות שליליים.
Not enough Get Out of Jail Free cards.,,אין מספיק כרטיסי יציאה חינם מהכלא.
{0} is out of the game.,,{0} מחוץ למשחק.
{0} does not own that property.,,הנכס הזה לא של {0}.
{0} cannot pay the interest on the mortgaged properties.,,ל{0} אין במה לשלם את הריבית על הנכסים הממושכנים.
Sell the buildings on the {0} set before trading it.,,יש למכור את המבנים בסדרה ה{0} לפני שסוחרים בה.
You only have {0}.,,יש לך רק {0}.
{0} only has {1}.,,ל{0} יש רק {1}.
You need {0} for the interest on the mortgaged properties.,,צריך {0} לריבית על הנכסים הממושכנים.
# The board director: banners,,
YOUR TURN,,התור שלך
{0}'S TURN,,התור של {0}
FINAL ROUND!,,סיבוב אחרון!
DOUBLES!,,דאבל!
DOUBLES AGAIN!,,שוב דאבל!
TRIPLES! GO ANYWHERE,,טריפל! לאן שרוצים
BUS!,,אוטובוס!
MR. MONOPOLY!,,מר מונופול!
GO TO JAIL!,,לכלא!
DOUBLE SALARY!,,משכורת כפולה!
SOLD!,,נמכר!
RENT {0},,שכירות {0}
JACKPOT {0}!,,ג'קפוט {0}!
DEAL!,,עסקה!
TIME'S UP!,,נגמר הזמן!
{0} IS BANKRUPT,,פשיטת רגל: {0}
you|{0} IS BANKRUPT,,פשטת רגל
{0} WINS!,,ניצחון ל{0}!
you|{0} WINS!,,ניצחת!
"# The board director: news of the turn ({0} is the player; you| speaks to the player called You, toyou| when the other player is You)",,
{0} goes to jail.,,{0} בדרך לכלא.
you|{0} goes to jail.,,נשלחת לכלא.
{0} collects {1} salary.,,{0} גובה משכורת של {1}.
you|{0} collects {1} salary.,,גבית משכורת של {1}.
{0} wins {1} for {2}.,,{0} זוכה ב{1} תמורת {2}.
you|{0} wins {1} for {2}.,,זכית ב{1} תמורת {2}.
{0} buys {1} for {2}.,,{0} קונה את {1} תמורת {2}.
you|{0} buys {1} for {2}.,,קנית את {1} תמורת {2}.
{0} is in jail: no rent!,,{0} בכלא: אין שכירות!
you|{0} is in jail: no rent!,,בכלא אין גביית שכירות!
{0} pays {1}: {2}.,,{0}: {1} בסך {2}.
you|{0} pays {1}: {2}.,,שילמת {1} בסך {2}.
{0} rolls doubles and walks out of jail.,,דאבל! {0} מחוץ לכלא.
you|{0} rolls doubles and walks out of jail.,,דאבל! יצאת מהכלא.
{0} pays the fine and leaves jail.,,הקנס שולם: {0} מחוץ לכלא.
you|{0} pays the fine and leaves jail.,,שילמת את הקנס ויצאת מהכלא.
{0} uses a Get Out of Jail Free card.,,כרטיס יציאה חינם: {0} מחוץ לכלא.
you|{0} uses a Get Out of Jail Free card.,,השתמשת בכרטיס יציאה חינם מהכלא.
{0} pays the fine after three tries.,,אחרי שלושה ניסיונות הקנס שולם: {0} מחוץ לכלא.
you|{0} pays the fine after three tries.,,אחרי שלושה ניסיונות שילמת את הקנס.
No doubles: {0} stays in jail.,,אין דאבל: {0} עדיין בכלא.
you|No doubles: {0} stays in jail.,,אין דאבל: נשארת בכלא.
{0} receives a Get Out of Jail Free card.,,כרטיס יציאה חינם מהכלא ל{0}!
you|{0} receives a Get Out of Jail Free card.,,קיבלת כרטיס יציאה חינם מהכלא.
{0} keeps a Get Out of Jail Free card.,,כרטיס יציאה חינם מהכלא ל{0}!
you|{0} keeps a Get Out of Jail Free card.,,קיבלת כרטיס יציאה חינם מהכלא.
Free upgrade for {0} on {1}!,,שדרוג חינם ל{0} ב{1}!
you|Free upgrade for {0} on {1}!,,שדרוג חינם בשבילך ב{1}!
{0} builds a hotel on {1}.,,{0} בונה מלון ב{1}.
you|{0} builds a hotel on {1}.,,בנית מלון ב{1}.
{0} builds a house on {1}.,,{0} בונה בית ב{1}.
you|{0} builds a house on {1}.,,בנית בית ב{1}.
{0} mortgages {1}.,,{0}: משכנתא על {1}.
you|{0} mortgages {1}.,,משכנת את {1}.
{0} lifts the mortgage on {1}.,,{0}: המשכנתא על {1} הוסרה.
you|{0} lifts the mortgage on {1}.,,הסרת את המשכנתא על {1}.
{0} settles the debt of {1}.,,{0}: החוב של {1} שולם.
you|{0} settles the debt of {1}.,,סגרת את החוב של {1}.
Time is up for {0}.,,נגמר הזמן של {0}.
you|Time is up for {0}.,,נגמר הזמן שלך.
{0} is in jail,,{0} בכלא
you|{0} is in jail,,בכלא
{0} owes {1},,{0} בחוב של {1}
you|{0} owes {1},,חוב של {1}
{0} leads,,בהובלה: {0}
you|{0} leads,,ההצעה שלך מובילה
{0} is thinking...,,{0}: רגע של מחשבה...
you|{0} is thinking...,,רגע של מחשבה...
Drawn by {0},,נשלף על ידי {0}
you|Drawn by {0},,נשלף על ידך
Owned by {0},,בבעלות {0}
you|Owned by {0},,בבעלותך
{0}'s properties,,הנכסים של {0}
you|{0}'s properties,,הנכסים שלך
{0} gives ({1}),,מצד {0} ({1})
you|{0} gives ({1}),,מצדך ({1})
{0} wins!,,ניצחון ל{0}!
you|{0} wins!,,ניצחת!
{0} pays {1} {2} rent for {3}.,,{1} גובה מ{0} שכירות של {2} על {3}.
you|{0} pays {1} {2} rent for {3}.,,שילמת ל{1} שכירות של {2} על {3}.
toyou|{0} pays {1} {2} rent for {3}.,,גבית מ{0} שכירות של {2} על {3}.
{0} and {1} make a deal.,,עסקה בין {0} ל{1}!
you|{0} and {1} make a deal.,,סגרת עסקה עם {1}!
toyou|{0} and {1} make a deal.,,{0} סגר איתך עסקה!
{0} owes {1} {2} and must raise money.,,{0} בחוב של {2} לטובת {1}: הגיע הזמן לגייס כסף.
you|{0} owes {1} {2} and must raise money.,,נכנסת לחוב של {2} לטובת {1}: הגיע הזמן לגייס כסף.
toyou|{0} owes {1} {2} and must raise money.,,{0} בחוב של {2} לטובתך: הגיע הזמן לגייס כסף.
{0} is bankrupt; everything goes to {1}.,,פשיטת רגל: כל הרכוש של {0} עובר לידי {1}.
you|{0} is bankrupt; everything goes to {1}.,,פשטת רגל: כל הרכוש שלך עובר לידי {1}.
toyou|{0} is bankrupt; everything goes to {1}.,,פשיטת רגל: כל הרכוש של {0} עובר אליך.
{0} offers {1} a trade.,,{0} מציע עסקה ל{1}.
you|{0} offers {1} a trade.,,הצעת עסקה ל{1}.
toyou|{0} offers {1} a trade.,,{0} מציע לך עסקה.
{0} offers {1} a trade,,{0} מציע עסקה ל{1}
you|{0} offers {1} a trade,,הצעת עסקה ל{1}
toyou|{0} offers {1} a trade,,{0} מציע לך עסקה
{0} turned down {1}'s offer.,,ההצעה של {1} נדחתה על ידי {0}.
you|{0} turned down {1}'s offer.,,דחית את ההצעה של {1}.
toyou|{0} turned down {1}'s offer.,,ההצעה שלך נדחתה על ידי {0}.
{0} is mortgaged: no rent.,,{0} ממושכן: אין שכירות.
{0} goes to auction.,,למכירה פומבית: {0}.
Nobody bids: {0} stays with the bank.,,אין הצעות: {0} נשאר בבנק.
the Free Parking pot,,קופת החניה החופשית
the bank,,הבנק
Game saved.,,המשחק נשמר.
Welcome back! The game goes on.,,ברוכים השבים! המשחק ממשיך.
An online match cannot be saved.,,אי אפשר לשמור משחק מקוון.
There is no saved game to continue.,,אין משחק שמור להמשיך.
The saved game cannot be read: {0},,אי אפשר לקרוא את המשחק השמור: {0}
The saved game is incomplete.,,המשחק השמור חסר.
Cannot start: {0},,אי אפשר להתחיל: {0}
{0} left the table. The computer plays on.,,{0} כבר לא ליד השולחן. המחשב ממשיך לשחק.
The match was called off: the richest player wins.,,המשחק הופסק: העשיר ביותר מנצח.
The table of the online match did not arrive.,,השולחן של המשחק המקוון לא הגיע.
Game over,,המשחק נגמר
Your answer,,התשובה שלך
Your move,,התור שלך
{0} answers,,{0} עונה
{0}'s move,,התור של {0}
"{0}, computer players",,"{0}, שחקני מחשב"
Time to move,,זמן לתור
Computer players,,שחקני מחשב
Computer level,,רמת המחשב
# The action panel,,
is raising money...,,גיוס כסף...
is plotting a jailbreak...,,תכנון בריחה מהכלא...
is picking a bus ride...,,בחירת נסיעה באוטובוס...
is choosing where to go...,,בחירת יעד...
is thinking...,,רגע של מחשבה...
is considering the offer...,,ההצעה נבחנת...
Manage,,ניהול
Trade,,מסחר
Your turn,,התור שלך
{0}'s turn,,התור של {0}
Doubles! Roll again.,,דאבל! עוד הטלה.
Roll the dice!,,הטילו את הקוביות!
Roll,,הטלה
Attempt {0} of {1}: roll doubles to get out.,,ניסיון {0} מתוך {1}: דאבל משחרר מהכלא.
Pay {0},,תשלום {0}
Use card,,שימוש בכרטיס
All aboard the bus!,,כולם לאוטובוס!
"Move by either die, or both.",,"מתקדמים לפי אחת הקוביות, או לפי שתיהן."
Triples!,,טריפל!
Click any space to move there.,,לחיצה על משבצת מעבירה אליה.
Tap any space to move there.,,נגיעה במשבצת מעבירה אליה.
Best pick,,הבחירה הטובה
"To {0}. Raise {1} by selling buildings or mortgaging, or give up.",,"לטובת {0}. יש לגייס {1} במכירת מבנים או במשכנתא, או לוותר."
Go bankrupt,,פשיטת רגל
"Locked up! Build or trade, then end your turn.",,"בכלא! אפשר לבנות או לסחור, ואז לסיים את התור."
No doubles. You stay in jail for now.,,אין דאבל. נשארים בכלא בינתיים.
"Build, trade, or end your turn.",,"אפשר לבנות, לסחור או לסיים את התור."
End turn,,סיום תור
"# Title deeds, cards, auction, manage, trade",,
Auction,,מכרז
Pass,,ויתור
Buy {0},,קנייה {0}
Need {0},,נדרש {0}
For sale: {0},,למכירה: {0}
{0} short,,חסרים {0}
TITLE DEED,,שטר בעלות
TAX,,מס
SPACE,,משבצת
{0} station,,תחנת {0}
Rent,,שכירות
Rent with the color set,,שכירות עם סדרת הצבע
With 1 house,,עם בית אחד
With {0} houses,,עם {0} בתים
With a hotel,,עם מלון
Houses {0} each  •  Hotels {0} plus {1} houses,,בית {0}  •  מלון {0} ועוד {1} בתים
Mortgage value {0},,ערך משכנתא {0}
With {0} stations,,עם {0} תחנות
One utility owned,,חברה אחת בבעלות
Both utilities owned,,שתי החברות בבעלות
{0} × dice,,{0} × הקוביות
"mortgaged, no rent",,"ממושכן, אין שכירות"
rent by the dice,,שכירות לפי הקוביות
rent now {0},,שכירות כעת {0}
Collect {0} every time you pass GO.,,גובים {0} בכל מעבר בהתחלה.
Land right on it for {0}!,,נחיתה בדיוק עליה שווה {0}!
"Draw a Chance card: trips, windfalls and surprises.",,"שולפים קלף הזדמנות: טיולים, מציאות והפתעות."
Draw a Community Chest card: mostly money matters.,,שולפים קלף קופת הקהילה: בעיקר ענייני כסף.
Pay {0} into the Free Parking pot.,,משלמים {0} לקופת החניה החופשית.
Pay {0} to the bank.,,משלמים {0} לבנק.
"Just visiting, unless you were sent here.",,"רק מבקרים, אלא אם נשלחתם לכאן."
"Get out with doubles, a card, or a {0} fine.",,"יוצאים עם דאבל, כרטיס או קנס של {0}."
Jackpot! Land here to win the pot: {0}.,,ג'קפוט! נחיתה כאן זוכה בקופה: {0}.
A free rest. Nothing happens here.,,מנוחה בחינם. כאן לא קורה כלום.
"Go directly to jail. Do not pass GO, do not collect the salary.",,ישר לכלא. לא עוברים בהתחלה ולא גובים משכורת.
CHANCE,,הזדמנות
COMMUNITY CHEST,,קופת הקהילה
List price {0},,מחיר מחירון {0}
No bids yet,,אין עדיין הצעות
Opening bid {0},,הצעת פתיחה {0}
Your bid,,ההצעה שלך
"Your bid, {0}",,"ההצעה שלך, {0}"
Out of the game,,מחוץ למשחק
Leading,,בהובלה
Bidding,,עכשיו
bidder|In,,בפנים
Passed,,בחוץ
The bank has {0} houses and {1} hotels left.,,בבנק נשארו {0} בתים ו־{1} מלונות.
Raise {0} more to pay {1}.,,יש לגייס עוד {0} כדי לשלם {1}.
Sell buildings or mortgage.,,מוכרים מבנים או ממשכנים.
Hotel,,מלון
Mortgaged,,ממושכן
mortgaged,,ממושכן
Rent {0},,שכירות {0}
Rent {0} (at a 7),,שכירות {0} (בהטלת 7)
Sell +{0},,מכירה {0}
Lift {0},,פדיון {0}
Mortgage +{0},,משכנתא {0}
Trade: {0},,עסקה: {0}
You give ({0}),,מצדך ({0})
{0} weighs every deal by the sets it makes.,,{0}: כל עסקה נבחנת לפי הסדרות שהיא משלימה.
{0} answers on their own device.,,התשובה של {0} תגיע מהמכשיר השני.
Hand the device over for an answer.,,העבירו את המכשיר לתשובה.
Get Out of Jail Free,,יציאה חינם מהכלא
Nothing,,כלום
"# Panels, menu, new game, results",,
Net worth {0},,שווי {0}
Round {0} of {1},,סיבוב {0} מתוך {1}
Round {0},,סיבוב {0}
PAUSED,,הפסקה
PLAY,,לשחק
NEW GAME,,משחק חדש
CONTINUE,,המשך משחק
LOAD GAME,,טעינת משחק
Edit house rules,,עריכת חוקי הבית
Back to the standard rules,,חזרה לחוקים הרגילים
1 player,,שחקן אחד
{0} players,,{0} שחקנים
1 computer player,,שחקן מחשב אחד
{0} computer players,,{0} שחקני מחשב
{0} and {1},,"{0}, {1}"
"{0} and {1}, taking turns on this device",,"{0}, {1}, בתורות על המכשיר הזה"
BACK TO ROOM,,חזרה לחדר
LEAVE ROOM,,יציאה מהחדר
"{0}: richest after {1}, worth {2}",,"{0}: העשיר ביותר אחרי {1}, שווי {2}"
"{0}: richest after the second bankruptcy, worth {1}",,"{0}: העשיר ביותר אחרי פשיטת הרגל השנייה, שווי {1}"
"{0}: the last tycoon standing, after {1}",,"{0}: הטייקון האחרון שנשאר, אחרי {1}"
1 round,,סיבוב אחד
{0} rounds,,{0} סיבובים
Bankrupt in round {0},,פשיטת רגל בסיבוב {0}
1 property  •  rent collected {0},,נכס אחד  •  שכירות שנגבתה {0}
{0} properties  •  rent collected {1},,{0} נכסים  •  שכירות שנגבתה {1}
Online match  •  back in the room the host starts the next game,,משחק מקוון  •  בחזרה בחדר המארח פותח את המשחק הבא
1 star earned,,הרווחת כוכב אחד
{0} stars earned,,הרווחת {0} כוכבים
new best!,,שיא חדש!
The computer won this time. Try again!,,הפעם המחשב ניצח. נסו שוב!
Beat computer players to earn stars.,,מנצחים שחקני מחשב כדי להרוויח כוכבים.
# Fixed words of the interface (the scene's texts),,
Player,,שחקן
JAIL,,כלא
BANKRUPT,,פשיטת רגל
News,,חדשות
"FREE PARKING
JACKPOT",,"קופת
חניה חופשית"
BANK,,בנק
Thinking...,,רגע של מחשבה...
Choice,,בחירה
OK,,אישור
Drawn by,,נשלף על ידי
Advance to GO.,,התקדמו להתחלה.
MORTGAGED,,ממושכן
Blue leads,,כחול מוביל
In,,בפנים
Your properties,,הנכסים שלך
No properties yet. Buy some!,,אין עדיין נכסים. הגיע הזמן לקנות!
You give,,מצדך
They give,,מצדם
Get Out of Jail Free card,,כרטיס יציאה חינם מהכלא
Propose,,הצעה
Cancel,,ביטול
Blue offers you a trade,,כחול מציע לך עסקה
YOU GET,,מקבלים
YOU GIVE,,נותנים
Accept,,לקבל
Decline,,לדחות
Back,,חזרה
START GAME,,התחלת משחק
Name,,שם
HUMAN,,אדם
CPU,,מחשב
OFF,,ריק
You win!,,ניצחת!
PLAY AGAIN,,משחק נוסף
MAIN MENU,,תפריט ראשי
MONOPOLY,,מונופול
RESUME,,המשך
PLAY ONLINE,,משחק מקוון
SAVE GAME,,שמירת משחק
HOUSE RULES,,חוקי הבית
EXIT,,יציאה
Up to 4 players on one screen or online  •  computer opponents  •  6 ways to play,,עד 4 שחקנים על מסך אחד או ברשת  •  יריבי מחשב  •  6 דרכים לשחק
The rules of the Custom Rules mode. Standard rules are locked; switch to your own to edit them.,,החוקים של מצב חוקים משלך. החוקים הרגילים נעולים; עוברים לחוקים משלכם כדי לערוך אותם.
Starting cash ($),,סכום פתיחה ($)
Round limit (0 = none),,מגבלת סיבובים (0 = בלי)
Title deeds dealt at the start,,שטרות שמחולקים בהתחלה
Auctions for properties nobody buys,,מכירה פומבית לנכסים שאף אחד לא קונה
Speed die (Mega Edition),,קוביית מהירות (מהדורת מגה)
Free Parking jackpot,,קופת חניה חופשית
Double salary for landing on GO,,משכורת כפולה על נחיתה בהתחלה
No rent collected from jail,,אין גביית שכירות מהכלא
Party cards in the decks,,קלפי מסיבה בחפיסות
Fast animations,,אנימציות מהירות
Look of the game,,מראה המשחק
Save,,שמירה
Load,,טעינה
Mortgage,,משכנתא
  AUCTION,,  מכירה פומבית
